Site,site name,cushion spp (Genus_species),Hemisphere,Gams winter,TMAX JUNE,TMIN Jan,P/TSUMMER,June Soil Temp,EVAP SUMMER,NDVI SUMMER,RH SUMMER,SOIL WETNESS SUMMER,siten,sitespecies,sitehabscoremean,scorese,nmdsmeaneffectsize,nmdscveffectsize,diveffectsize,divalleffectsize,opendivmean,alldivmean,denseffectsize,densalleffectsize,opendensmean,alldensmean
1,"Ecuador1","Pentacalia_microdon","S",82.7487792553526,9.04888890000001,-4.796667,34.0767734420858,4.9277778,39.6572962966667,0.0975185186666667,92.3562962966667,539.7974074,85,3,0.980952381,0.003578425,3.186266952,2.234532205,78.852338324,78.515462924,0.013647059,0.735294118,56.351938924,66.365156685,0.011294118,3.069058824
2,"Ecuador1","Xenophyllum_humile","S",82.5075863113702,12.0922222,-4.004444,22.2350070837647,6.66444440000004,43.3236666666667,0.415496296333333,91.8162592566667,641.004444433333,85,24,-0.298903,0.0959951,5.2256762,12.4142779,-123.88585,35.4184885,3.9854118,5.0777647,-112.663666,14.9385246,17.5438824,20.4908235
3,"Ecuador2","Azorella_aretioides","S",82.488434491781,12.0922222,-4.004444,22.2350070837647,6.66444440000004,43.3236666666667,0.415496296333333,91.8162592566667,641.004444433333,90,44,-0.098392,0.06468596,3.29500294,-1.680541,-64.763221,81.18052356,13.10044444,16.50366667,-43.149185,107.91526419,114.94966667,201.88477778
4,"Ecuador2","Azorella_aretioides","S",82.5075863113702,12.0922222,-4.004444,22.2350070837647,6.66444440000004,43.3236666666667,0.415496296333333,91.8162592566667,641.004444433333,85,27,0.31746912,0.07595942,0.52465672,-1.177417,77.00869824,99.85795651,2.16482353,5.40058824,73.89124307,82.46712578,5.746,26.37964706
5,"Atacama","Picnophyllum_bryoides","S",89.6722983856739,14.01,-7.536667,1.67439713292954,4.9855556,4.83922222233333,0.138081481333333,65.5911851866667,307.0111111,100,11,0.29816017,0.06305524,2.10341684,-0.94275,38.24976025,80.40820795,1.0652,2.2518,23.46779796,80.2626012,1.4962,3.4415
8,"Elqui","Adesmia_subterranea","S",69.6192913096424,12.7288889,-19.444444,1.30299744472027,1.8233333,13.2930222226667,0.114144444666667,52.6465925933333,350.785185166667,100,22,0.18988883,0.07937069,0.73021781,-0.046311,47.20322752,75.51655756,2.1385,4.417,38.32372118,67.24807935,5.9533,16.5389
9,"Elqui","Adesmia_subterranea","S",69.4081183946906,11.6166667,-21.465556,2.51532283586957,-2.396667,18.6267037033333,0.117414815,58.7602222233333,346.6948148,100,12,0.4408387,0.07552927,2.5909648,-1.027534,70.04722397,92.17068805,0.9418,2.2615,64.8945931,71.43564285,1.2603,5.2928
11,"Franciscano","Azorella_madreporica","S",67.2369590638482,20.4711111,-12.955556,0.807137089538688,9.5744444,31.62317778,0.188025925666667,50.5808148166667,403.61,100,28,0.06510145,0.09340455,2.42960017,-0.999129,59.75021797,84.28402426,1.5075,4.4031,41.87195184,43.9798218,3.9477,41.7216
12,"Tres Puntas","Azorella_madreporica","S",62.1971821323056,13.4077778,-21.955556,2.19352220231624,-0.251111,34.8139259266667,0.156892592666667,59.6932962966667,514.033333333333,100,20,0.11503707,0.08493436,3.81907428,-3.2258,80.71094294,100.14840154,1.1596,3.9293,66.50571177,78.89754797,2.2147,10.8562
13,"La Parva","Laretia_acaulis","S",66.8293412483054,20.4711111,-12.955556,0.807137089538688,9.5744444,31.62317778,0.188025925666667,50.5808148166667,403.61,100,33,0.26322371,0.07211724,4.46961037,-3.616713,53.44187258,78.02647709,2.8981,7.058,50.73452528,70.22724261,5.7139,20.4001
14,"La Parva","Laretia_acaulis ","S",67.0513735717753,20.4711111,-12.955556,0.807137089538688,9.5744444,31.62317778,0.188025925666667,50.5808148166667,403.61,100,36,0.21918867,0.07879517,4.46296707,-9.101108,60.15697326,79.27361889,2.5033,6.6682,-8.318043,24.24215726,12.0904,21.5843
15,"Antuco","Oreopolus_glacialis","S",47.5764398768847,22.7255556,-14.636667,3.28483233068977,3.13,79.85392593,0.436303703666667,58.2856666666667,434.196666666667,55,18,0.52929173,0.07800627,2.35848541,0.77973866,58.13302595,59.08451309,0.60890909,2.34890909,65.34459368,64.72329,0.82218182,5.51490909
16,"Antuco","Azorella_trifurcata","S",35.9091915492123,23.9055556,-12.504444,3.83926818722333,3.94888890000004,94.5827777766667,0.540314814666667,60.1132222233333,442.2114815,52,27,0.2117142,0.1008121,1.0799843,0.3122769,55.6637128,65.4557277,1.4394231,4.5144231,23.6745917,28.5963076,10.7811538,33.3246154
17,"Bariloche","Mulinium_leptacanthum","S",46.5629393307206,22.0433333,-11.022222,6.46119197437564,2.26555560000003,89.4564814833333,0.2976,71.2475185166667,596.588148133333,100,24,0.65987059,0.06906072,1.23428886,1.29475907,91.55300293,97.20355097,0.6214,4.0455,58.73949087,67.83787217,1.7726,19.3821
18,"Bariloche","Oreopolus_glacialis","S",46.5629393307206,22.0433333,-11.022222,6.46119197437564,2.26555560000003,89.4564814833333,0.2976,71.2475185166667,596.588148133333,100,24,0.72852917,0.05360623,1.62885371,4.4129394,119.26811915,136.79977392,0.5829,4.0318,66.99889336,62.65630056,1.1149,15.0505
19,"Bariloche","Discaria_nana","S",46.5629393307206,22.0433333,-11.022222,6.46119197437564,2.26555560000003,89.4564814833333,0.2976,71.2475185166667,596.588148133333,100,25,0.72520703,0.06275579,3.09709648,3.63069949,117.86661148,134.42624665,0.6171,4.4525,76.80923539,77.10018535,1.2894,15.8595
23,"Torres del Paine","Azorella_monantha","S",45.3767133393605,15.9366667,-7.641111,18.9606737563394,4.20888890000003,73.4072963,0.643077778,85.7437407433333,678.2566667,47,35,-0.139456,0.08161951,2.10161967,0.49453727,-13.534344,23.28534972,3.92765957,5.71595745,-13.561013,33.98260022,3.90617021,7.08170213
24,"Torres del Paine","Bolax_gummiferia","S",45.5659392019084,15.9366667,-7.641111,18.9606737563394,4.20888890000003,73.4072963,0.643077778,85.7437407433333,678.2566667,50,40,0.07888548,0.10538964,4.51036558,-3.502423,13.91861812,54.50532464,3.2836,6.6616,16.80340466,58.49461106,3.2146,7.2634
25,"Torres del Paine","Azorella_monantha","S",46.1008379189146,15.9366667,-7.641111,18.9606737563394,4.20888890000003,73.4072963,0.643077778,85.7437407433333,678.2566667,53,35,0.63148304,0.07312822,5.36769616,-0.412961,64.11313499,75.94151326,1.37056604,5.67962264,66.99686114,81.54422002,1.36603774,5.94773585
26,"Torres del Paine","Bolax_gummiferia","S",46.7618171858522,15.9366667,-7.641111,18.9606737563394,4.20888890000003,73.4072963,0.643077778,85.7437407433333,678.2566667,50,28,0.5031888,0.1013748,1.6084951,-1.35567,57.5205504,77.6968207,0.8238,3.116,59.1048211,71.229703,0.8166,3.1632
31,"Beartooth","Silene_acaulis","N",85.8704038013661,26.2211111,-25.488889,3.92195773370804,1.08222220000005,68.32551852,0.391911111,54.1858518533333,345.471111133333,72,29,0.5189307,0.04301716,2.00729554,-1.008306,88.11367695,121.6287501,5.46222222,8.96541667,95.19599406,150.61719724,22.02694444,65.68180556
32,"Beartooth","Trifolium_nanum","N",85.8659530203384,26.2211111,-25.488889,3.92195773370804,1.08222220000005,68.32551852,0.391911111,54.1858518533333,345.471111133333,28,22,0.3123412,0.0886655,0.9389891,-0.775073,46.9581946,72.1437969,5.1175,8.3310714,61.4218925,94.2530665,25.9160714,71.3285714
33,"Rogers Pass","Antennaria_umbrinella","N",85.4379263677337,29.0077778,-22.983333,3.40422731962109,3.72222220000003,62.46937037,0.662918518333333,53.9319259233333,257.613703733333,30,29,0.40547425,0.07224353,0.53454553,1.19287383,17.27445896,40.68219062,4.951,6.98166667,45.44529509,75.95916354,9.40833333,26.16533333
34,"Waterworks","Eriogonum_ovalium","N",77.0023443035275,30.5977778,-22.451111,2.187161192467,4.96333330000004,63.9814074066667,0.496562962666667,54.70962963,258.715925933333,30,26,0.45291912,0.09753535,0.32295762,1.31910801,45.95515003,64.11129355,3.396,5.36066667,56.09323913,85.07224486,11.56666667,33.65966667
36,"Mt. Jumbo","Eriogonum_ovalium","N",78.1797964204933,30.5977778,-22.451111,2.187161192467,4.96333330000004,63.9814074066667,0.496562962666667,54.70962963,258.715925933333,30,16,0.01906122,0.12984456,0.19466647,-0.183219,15.62653017,44.38883695,3.63,5.33733333,45.77426382,118.20030542,13.28733333,32.52166667
38,"San Francisco Mt.","Geum_rossii","N",83.3762962417845,32.0866667,-16.92,1.44675902434013,10.4055556,24.36411852,0.597625926,36.4296666666667,188.906296333333,80,15,0.7962354,0.0544902,4.1440731,2.4061149,100.7612689,109.6185466,0.476375,3.00175,51.9115261,56.5929148,1.8965,10.207875
39,"San Francisco Mt.","Geum_rossii","N",83.4018915113689,32.0866667,-16.92,1.44675902434013,10.4055556,24.36411852,0.597625926,36.4296666666667,188.906296333333,80,9,0.73473245,0.02257772,5.40606207,4.63893579,84.55612217,103.94091887,0.3885,2.329375,55.7924589,60.33905445,1.209,7.039
41,"Mt. Hutt","Raoulia_sp","S",57.1990943214071,22.2566667,-3.576667,12.4968145591131,8.46666670000002,97.4387407266667,0.557851852,79.6301851866667,514.349999966667,90,35,0.41165079,0.07410496,3.2252436,-4.340445,70.65628991,89.08876125,2.74922222,7.04277778,63.05420685,75.02139896,6.90266667,41.94266667
42,"Old Man Range","Dracophyllum_sp","S",59.9360330461269,16.9933333,-10.257778,15.7797850355015,2.20555560000003,70.26288889,0.466929629666667,84.8130370366667,565.557037033333,65,20,0.41170171,0.07679789,1.11813048,1.02279504,53.9114206,103.8270691,2.75015385,5.70338462,11.84358468,63.88188144,8.25553846,17.87338462
43,"Mt. Burns","Phyllacne_colensoi","S",45.1019267515022,17.0266667,-3.64,28.2903419306564,8.03222220000004,81.64037037,0.747925925666667,86.4468148166667,578.376666666667,79,36,0.38106682,0.07116825,0.10691688,1.22935893,67.42802964,120.83569697,5.33075949,11.17405063,55.24062733,86.51988642,16.56696203,51.18253165
44,"Lebanon","Onobrychis_cornuta","N",49.2151971350705,29.7611111000001,-4.483333,0.364261474624863,13.4055556,32.7091740733333,0.266318518666667,58.731,492.574074066667,60,20,0.26295853,0.08518617,3.2058386,1.64087778,13.60216622,53.40471737,2.8815,4.43966667,42.85533048,52.01718084,15.825,51.19216667
45,"Lebanon","Astragulus_zachlensis","N",49.2151971350705,29.7611111000001,-4.483333,0.364261474624863,13.4055556,32.7091740733333,0.266318518666667,58.731,492.574074066667,60,26,0.10565358,0.08571198,3.61283949,-7.009204,17.2714937,68.72538051,4.53583333,7.37533333,70.17396817,92.13452063,27.16366667,110.575
46,"Iran","Astragulus_macrosemius","N",76.1118294552106,29.9555556,-21.754444,0.650964957794189,10.3177778,23.07798148,0.194596296,34.73485185,320.5462963,80,25,0.34290137,0.05316527,0.82045162,-1.116991,61.16826666,89.85037527,2.316875,5.218,21.23085948,36.27352438,9.8655,26.107875
47,"Slovakia Silene acaulis","Silene_acaulis","N",68.46465129967,22.0211111,-20.662222,21.7576317297467,3.94777780000004,116.141518533333,0.634922222333333,78.8426666666667,572.663333333333,90,61,-0.282451,0.07180907,4.04332189,-1.168278,-43.31853,61.70990881,10.52333333,13.69433333,-38.736837,37.67029905,143.41711111,223.53777778
49,"Qilian Shan","Arenaria_kansuensis Maxim.","N",88.4213244890645,20.0944444,-25.336667,3.88055654627254,-1.708889,22.4494666666667,0.0415925926666667,42.90348148,358.523333333333,80,14,-0.010323,0.05406851,0.47092116,0.50553247,-7.86435,44.58216107,2.97575,4.160375,9.64283153,40.17487984,36.052875,79.973125
50,"Ny-Ålesund","Silene_acaulis","N",68.4687522641256,5.59222220000004,-24.237778,12.2008788209601,-4.278889,33.8062962933333,0.517955555333333,90.3478148133333,842.314444433333,148,4,-0.104662,0.03038902,1.50016201,-0.982229,-21.434167,-11.690871,1.75837838,1.60006757,-4.344129,-1.534432,6.57445946,6.4422973
52,"Val Bercla","Silene_acaulis","N",65.2326188224927,17.76,-24.243333,24.5671430545227,0.358888900000011,71.3483333366667,0.408607407333333,83.7270740733333,614.858518533333,75,36,0.75837268,0.04531213,2.63869018,-1.314986,147.02073822,161.74965977,4.138,11.29066667,105.6978367,114.08169533,10.20066667,53.07533333
53,"Gemmi","Carex_firma","N",64.6223617595362,21.2477778,-23.485556,21.9229148768542,3.30444440000002,87.5866666666667,0.366470370666667,83.7017037033333,581.323703666667,82,35,0.7287594,0.0643136,2.5529541,-4.716537,148.5071405,139.781987,1.2584146,4.7560976,102.7896024,116.3326143,3.0286585,22.619878
54,"Gemmi","Silene_acaulis","N",64.6109364712767,21.2477778,-23.485556,21.9229148768542,3.30444440000002,87.5866666666667,0.366470370666667,83.7017037033333,581.323703666667,80,53,0.62542982,0.06599648,2.59097041,-1.777773,104.12022801,137.73916409,2.745375,7.00375,86.39686742,93.38974792,11.098625,50.3315
56,"Cabezas de Hierro","Minuartia_recurva","N",68.3825406928657,28.4088889,-10.311111,1.77515553325877,7.89000000000004,71.7722962966667,0.531266666666667,48.0440370366667,334.6111111,101,17,0.30597899,0.05530876,1.9164771,-0.791326,44.7597111,85.88406563,2.82227723,4.96792079,57.85103826,104.82249118,8.94207921,26.53148515
57,"Valle Nevado","Azorella_madreporica","S",61.9331935291438,13.4077778,-21.955556,2.19352220231624,-0.251111,34.8139259266667,0.156892592666667,59.6932962966667,514.033333333333,100,56,-0.436762,0.06640543,3.15382721,0.67281787,-16.243986,43.40160183,5.5372,8.577,29.86912006,48.60896725,18.8682,51.2923
58,"Tres Puntas","Azorella_madreporica","S",62.0375243458722,13.4077778,-21.955556,2.19352220231624,-0.251111,34.8139259266667,0.156892592666667,59.6932962966667,514.033333333333,100,29,0.30181542,0.08461695,4.88293922,-4.930707,61.36799148,84.03407537,2.2215,5.531,89.11605274,94.34250436,4.6911,37.0725
59,"Elqui","Azorella_madreporica","S",69.6192913096424,12.7288889,-19.444444,1.30299744472027,1.8233333,13.2930222226667,0.114144444666667,52.6465925933333,350.785185166667,100,23,0.25910618,0.06861364,1.50077694,-1.615317,63.48576833,93.35877586,2.4044,5.7635,12.03046977,52.78764343,7.6519,16.2949
60,"Elqui","Azorella_madreporica","S",69.4081183946906,11.6166667,-21.465556,2.51532283586957,-2.396667,18.6267037033333,0.117414815,58.7602222233333,346.6948148,100,16,0.70716089,0.05660151,3.97877356,-1.780685,115.96540361,118.2027204,0.7931,3.1712,96.36171167,105.7875863,1.3247,6.611
61,"Valle Nevado","Laretia_acaulis","S",61.9339916771249,13.4077778,-21.955556,2.19352220231624,-0.251111,34.8139259266667,0.156892592666667,59.6932962966667,514.033333333333,100,56,-0.547125,0.0607481,2.9766757,-1.788658,-27.342362,36.7717502,6.1481,9.1659,-33.050374,16.7705782,24.6703,34.9768
62,"White Mountains","Phlox_condensata","N",82.7865506088712,30.3733333,-14.917778,0.479034827417834,10.5077778,18.18127037,0.220662963,27.0900740733333,291.9311111,100,9,0.65020794,0.03832253,4.67784092,2.58826184,69.05896841,91.80578433,0.6944,1.682,62.41710075,93.1262326,0.9124,3.3135
63,"White Mountains","Townsendia_leptotes","N",82.7785438819558,30.3733333,-14.917778,0.479034827417834,10.5077778,18.18127037,0.220662963,27.0900740733333,291.9311111,100,14,0.28962182,0.03318348,3.72429262,-3.37356,54.83482955,87.89839473,1.6907,3.3315,46.4978706,74.17851963,3.0151,8.435
64,"Torres del Paine","Azorella_monantha","S",44.0415649476128,18.1444444,-5.744444,18.7529589857358,6.12,81.09225926,0.456714814666667,85.7807777766667,674.067777766667,103,24,0.41187604,0.06084102,4.2844345,1.07028215,67.35062747,100.72260957,1.39640777,4.29349515,58.41376759,72.11171497,3.32407767,11.93660194
65,"Two Medicine Glacier","Sibbaldia_sp","N",80.9767017536063,26.0833333,-25.966667,4.72156549796859,0.312222200000008,84.9572592766667,0.426070370666667,56.39659259,332.345925933333,104,47,0.63750671,0.05220426,2.76108738,-0.835329,107.19310427,125.12926899,1.24096154,4.75375,92.41938769,96.01720893,2.3375,18.94836538
67,"Cathedral Lake 1","Silene_acaulis","N",63.0111780947052,23.9788889,-27.175556,4.31022236609008,0.568888900000047,94.7378518633333,0.535796296666667,62.7237777766667,486.485925933333,80,17,0.47736186,0.05155529,5.50012268,-9.06126,107.78014315,131.81210794,1.499875,4.863,96.64455865,126.38285667,6.04675,28.08825
68,"Cathedral Lake 2_Silene","Silene_acaulis","N",63.0548469577517,23.9788889,-27.175556,4.31022236609008,0.568888900000047,94.7378518633333,0.535796296666667,62.7237777766667,486.485925933333,47,16,0.61583157,0.07503421,3.16538848,0.38725519,72.41213565,79.91733018,1.00680851,3.41659574,57.53370016,63.80021931,5.78382979,29.40468085
69,"Red Mountain","Silene_acaulis","N",74.4478294063195,19.3044444,-29.252222,5.8589083320888,-0.761111,70.87025926,0.596277777666667,72.50685185,547.825555533333,73,24,0.18609075,0.08386242,5.54000329,-6.05834,17.41790484,73.17162069,2.8130137,4.90452055,45.96605308,67.74132817,9.51780822,27.65767123
71,"Pink Mountains 2","Silene_acaulis","N",79.2686069715052,23.0233333,-34.383333,8.34890334588521,-1.104444,93.18781482,0.676229629666667,69.20025926,536.817777766667,70,13,0.4723929,0.05919114,3.24600033,1.07467934,50.04396347,67.96019406,0.78414286,1.98928571,38.04743625,62.67845625,3.34428571,10.22628571
72,"Pink Mountains 3","Silene_acaulis","N",79.26528230523,23.0233333,-34.383333,8.34890334588521,-1.104444,93.18781482,0.676229629666667,69.20025926,536.817777766667,81,17,0.15687113,0.07157578,1.56119209,-0.058774,48.853405,78.97989149,1.51012346,3.30975309,39.59006053,68.44458852,7.7891358,21.23666667
73,"Benasque 1","Saponaria_cespitosa","N",63.491006350867,23.2955556,-17.71,9.13239906084506,3.1911111,112.002814826667,0.398892592666667,70.9154444433333,488.151481466667,93,36,0.23396009,0.06497257,5.54000329,-5.120653,55.24018206,95.97088875,4.22795699,7.20129032,80.19903576,110.53704551,18.50763441,60.10236559
74,"Benasque 2","Silene_acaulis","N",63.491006350867,23.2955556,-17.71,9.13239906084506,3.1911111,112.002814826667,0.398892592666667,70.9154444433333,488.151481466667,85,40,0.14110176,0.06514926,2.14038266,-0.97413,17.59286097,50.58264392,4.42376471,6.58494118,33.99075752,70.90348772,22.41341176,54.35223529
75,"Whistler North","Silene_acaulis","N",42.00394575166,23.4766667,-20.886667,7.04671506751983,1.43666670000005,87.11466667,0.707107407666667,76.33851852,522.671111133333,100,29,0.06444988,0.05221986,0.21894834,0.67807437,31.53004468,79.77772655,3.2073,5.2929,29.95151329,55.46157418,8.0326,22.6423
76,"Whistler South","Silene_acaulis","N",42.00394575166,23.4766667,-20.886667,7.04671506751983,1.43666670000005,87.11466667,0.707107407666667,76.33851852,522.671111133333,246,25,0.49695153,0.03387541,0.21894834,-0.406111,33.56840927,62.57106063,3.46730496,4.63368794,54.44175543,70.46323272,9.55751773,20.65638298
77,"Sierra Nevada 1","Arenaria_tetraquetra_amabilis","N",53.4481652675772,25.7655556,-10.23,0.734638464777906,9.04777780000001,57.11188889,0.293218518666667,46.18514815,392.348888866667,100,24,0.02543098,0.07714895,2.70560038,4.39399162,39.30738145,101.07187254,2.8756,4.6634,-8.033802,91.00726005,10.9085,21.3714
78,"Sierra Nevada 2","Arenaria_tetraquetra_amabilis","N",61.4253747802037,27.7566667,-2.762222,0.265274633345806,14.8844444,35.1423333333333,0.457488889,53.11362963,402.3911111,100,18,0.33500355,0.06030179,1.34958213,-1.60557,64.92403694,82.42188774,1.7495,3.1161,80.92748406,114.87720714,5.925,22.4226
79,"Sierra Nevada 3","Arenaria_tetraquetra_amabilis","N",53.6834123867519,25.7655556,-10.23,0.734638464777906,9.04777780000001,57.11188889,0.213233333333333,46.18514815,392.348888866667,85,27,-0.025037,0.06778396,3.39076413,1.43295488,9.77797824,78.42189661,4.08576471,6.29541176,8.43899526,76.53876376,11.98764706,25.68482353
80,"Sierra Nevada 4","Arenaria_tetraquetra_amabilis","N",54.211121296162,25.7655556,-10.23,0.734638464777906,9.04777780000001,57.11188889,0.213233333333333,46.18514815,392.348888866667,100,13,0.32989009,0.05093064,0.50230935,-1.750629,50.0504355,79.77360187,0.6532,1.7865,57.67650997,59.902952,1.4989,9.1092
81,"Sierra Nevada 5","Plantago_holosteum","N",53.6834123867519,25.7655556,-10.23,0.734638464777906,9.04777780000001,57.11188889,0.213233333333333,46.18514815,392.348888866667,85,27,-0.179539,0.06493988,1.76934516,1.39236674,-25.220073,74.75472315,4.06729412,6.09811765,-13.442947,72.27282992,12.08835294,22.13788235
82,"Kitanuma ","Pinus_pumila","N",54.5847951086443,21.5777778,-31.814444,18.3187182164854,1.72000000000003,92.3791851866667,0.720881481666667,84.5674814833333,599.9888889,60,31,0.19643615,0.08400707,0.04459546,-0.834249,-17.696832,-10.601629,9.80033333,9.21633333,-10.17488,-8.305634,82.15946333,77.08865833
83,"Qilian Shan","Arenaria_kansuensis Maxim.","N",88.3115108497022,15.1577778,-30.048889,5.3139930214523,-4.692222,22.2620148166667,0.104255555666667,48.2752222233333,372.2062963,60,19,0.319893,0.07354154,2.9075328,-1.021856,36.78993248,61.21564034,3.47733333,5.5815,37.98500657,69.38389468,54.32133333,140.6
84,"Qilian Shan","Rhodiola_juparensis","N",88.2907188152486,15.1577778,-30.048889,5.3139930214523,-4.692222,22.2620148166667,0.096074074,48.2752222233333,372.2062963,70,15,0.44728033,0.06731569,0.2176379,-0.926986,53.864296,97.18311693,3.44314286,5.61442857,3.17476692,64.85484289,38.79442857,79.34685714
85,"Langtang-Kyanngjing Valley","Astragalus_sp","N",86.8001809152085,17.3411111,-11.682222,69.15703065792,7.51888890000004,73.6105185166667,0.647833333,89.91537037,585.140370366667,82,55,0.20962441,0.05801362,1.22861862,0.62613449,54.76140825,94.93469771,10.72012195,16.66170732,18.29828014,92.30089655,174.92414634,374.1495122
86,"Swiftcurrent Low","Silene_acaulis","N",79.3813474127106,25.6,-29.011111,5.68400988837724,-0.692222,101.458666676667,0.556640741,58.0731481466667,412.817037033333,80,27,0.56976151,0.06002684,0.57767939,1.33289131,78.70861869,96.79520614,1.034,3.779125,71.30227505,85.67465959,1.807625,11.232
87,"Swiftcurrent High","Silene_acaulis","N",79.5308431236828,25.6,-29.011111,5.68400988837724,-0.692222,101.458666676667,0.556640741,58.0731481466667,412.817037033333,80,25,0.61293258,0.05282439,3.41210469,-1.181502,116.75014557,139.43574712,1.38825,5.154625,85.53689677,98.475316,2.21325,14.18825
88,"Windy Pass 1","Dasiphora_fruticosa","N",80.9478489695606,26.0833333,-25.966667,4.72156549796859,0.312222200000008,84.9572592766667,0.426070370666667,56.39659259,332.345925933333,78,49,0.7668952,0.04427554,4.55325225,-3.038931,152.6277266,155.1216544,1.02884615,8.26025641,95.70647697,101.93221948,1.73115385,32.32141026
89,"Latnja","Silene_acaulis","N",50.5209114655698,16.3722222,-26.392222,12.8111102116457,-0.376667,34.5242222233333,0.2245,84.8224074066667,644.767037066667,50,40,-0.001843,0.090479287,2.985819192,0.832611461,-1.67186,65.084259081,4.9248,7.6924,16.374045944,57.602578481,19.7364,45.0898
90,"Dolomites 1","Carex_firma","N",73.0596631157312,20.0077778,-21.962222,17.8006026851265,0.393333299999995,98.42362963,0.632992592666667,82.0786666666667,553.277777766667,90,28,0.22398475,0.07433476,1.37556628,0.4984751,28.09813622,72.90902942,1.69133333,2.93755556,44.01309431,96.32906525,3.32444444,8.74288889
91,"Dolomites 2","Silene_acaulis","N",70.737432101107,19.7511111,-24.708889,21.6903168087961,0.781111100000032,88.5005185266667,0.421225925666667,85.77674074,572.5185185,100,36,0.22170958,0.06224635,3.65815242,-1.227691,33.77875453,96.68669831,2.9038,4.7758,77.97244028,100.93183172,7.0828,24.7206
92,"Dolomites 3","Minuartia_sp","N",71.0951895546403,19.7511111,-24.708889,21.6903168087961,0.781111100000032,88.5005185266667,0.421225925666667,85.77674074,572.5185185,100,26,0.39970603,0.06829257,2.48512366,1.28092516,53.22104612,76.94308969,0.9606,2.3623,41.9415645,56.91377533,2.3216,8.2205
93,"Dolomites 4","Cerastium_alpinum","N",74.3363014318923,19.9455556,-25.601111,17.6197061224551,0.813333300000011,95.04622222,0.293592592666667,84.4841851866667,552.824074033333,91,12,0.57975635,0.06228694,2.46580813,-0.216766,48.34004216,68.77500801,1.09362637,2.2921978,56.83278554,75.69986711,2.51351648,9.45846154
94,"Dolomites 5","Silene_acaulis","N",70.858955487592,19.7511111,-24.708889,21.6903168087961,0.781111100000032,88.5005185266667,0.421225925666667,85.77674074,572.5185185,57,25,0.26697812,0.09059927,2.80128148,-0.515126,42.62122916,81.82555998,3.02122807,5.81087719,58.48684052,81.59790613,9.12666667,41.17719298
95,"Piegan Pass 2010","Silene_acaulis","N",80.1156566438598,25.5333333,-27.367778,4.92900941389269,-0.542222,94.75829631,0.354222222333333,56.5532962966667,360.8277778,80,25,0.60693947,0.04075038,1.37471112,-1.952344,77.49647513,87.50956461,1.772375,4.49675,96.68457862,100.46791692,2.796,12.468125
97,"Ptarmigan Cirque","Silene_acaulis","N",80.7507002335922,19.8188889,-31.048889,11.5592553474079,-2.283333,83.1915925933333,0.289648148,69.02477778,518.5162963,99,32,0.45071734,0.05835402,4.73080232,-1.96312,102.13663798,123.561851,2.24090909,5.85989899,75.06866028,88.06798186,8.61161616,33.90393939
98,"Windy Pass 2","Silene_acaulis","N",80.9709137811701,26.0833333,-25.966667,4.72156549796859,0.312222200000008,84.9572592766667,0.426070370666667,56.39659259,332.345925933333,114,67,0.67961066,0.03783223,1.42347279,-0.383072,148.87025304,181.92970151,1.46429825,7.71614035,106.59548389,140.16144105,3.445,24.15254386
99,"Cathedral Lake 2_Sax opp","Saxifraga_oppositifolia","N",63.0548469577517,23.9788889,-27.175556,4.31022236609008,0.568888900000047,94.7378518633333,0.535796296666667,62.7237777766667,486.485925933333,39,15,0.73296415,0.06615738,6.13499426,1.69732015,74.62187322,77.18290939,0.60538462,3.15487179,53.11241038,61.7794728,3.90846154,28.34282051
100,"Slovakia Minuartia sedoides","Minuartia_sedoides","N",68.46465129967,22.0211111,-20.662222,21.7576317297467,3.94777780000004,116.141518533333,0.634922222333333,78.8426666666667,572.663333333333,32,39,-0.262678,0.1184127,1.9203084,-1.479046,-36.091077,42.5981081,8.8615625,11.53,-29.01536,29.2109682,83.2153125,133.6140625
